Data_Captura,Horario,Companhia,Numero_Voo,Operado_Por,Status,Data_Partida,Hora_Partida
2026-02-19,18:35,,0631,,Cancelado,19/02,18:35
2026-02-19,00:50,,0634,,Cancelado,19/02,00:50
2026-02-19,07:00,,1241,,Cancelado,19/02,07:00
2026-02-19,10:40,,1243,,Cancelado,19/02,10:40
2026-02-19,19:20,DELTA,1247,,Cancelado,19/02,19:20
2026-02-19,18:45,,2197,,Atrasado,19/02,18:45
2026-02-19,08:45,DELTA,2418,,Cancelado,19/02,08:45
2026-02-19,16:40,,4585,,Atrasado,19/02,16:40
2026-02-19,07:00,,4682,,Cancelado,19/02,07:00
2026-02-19,11:05,LATAM,5119,,Cancelado,19/02,11:05
2026-02-19,06:45,LATAM,5167,,Cancelado,19/02,06:45
2026-02-19,13:00,LATAM,5237,,Cancelado,19/02,13:00
2026-02-19,10:40,,5437,,Cancelado,19/02,10:40
2026-02-19,08:45,DELTA,6350,,Cancelado,19/02,08:45
2026-02-19,06:45,LATAM,6352,,Cancelado,19/02,06:45
2026-02-19,11:05,LATAM,6353,,Cancelado,19/02,11:05
2026-02-19,09:30,KLM,6404,,Cancelado,19/02,09:30
2026-02-19,23:15,EMIRATES,7124,,Atrasado,19/02,23:15
2026-02-19,14:05,LATAM,7252,,Cancelado,19/02,14:05
2026-02-19,16:40,,7338,,Atrasado,19/02,16:40
2026-02-19,09:30,KLM,7486,,Cancelado,19/02,09:30
2026-02-19,19:20,DELTA,7602,,Cancelado,19/02,19:20
2026-02-19,23:15,,7614,,Cancelado,19/02,23:15
2026-02-19,09:30,KLM,7670,,Cancelado,19/02,09:30
2026-02-19,18:00,,7680,,Cancelado,19/02,18:00
2026-02-19,09:40,KLM,7682,,Cancelado,19/02,09:40
2026-02-19,09:40,KLM,7703,,Cancelado,19/02,09:40
2026-02-19,09:30,KLM,7737,,Cancelado,19/02,09:30
2026-02-19,06:45,LATAM,8032,,Cancelado,19/02,06:45
2026-02-19,13:00,LATAM,8050,,Cancelado,19/02,13:00
2026-02-19,23:40,LATAM,8084,,Cancelado,19/02,23:40
2026-02-19,11:05,LATAM,8142,,Cancelado,19/02,11:05
2026-02-19,18:15,LATAM,8457,,Cancelado,19/02,18:15
2026-02-19,18:45,,8897,,Atrasado,19/02,18:45
2026-02-19,09:40,KLM,9342,,Cancelado,19/02,09:40
2026-02-19,23:00,N/A,9468,,Cancelado,19/02,23:00
2026-02-19,18:00,,9837,,Cancelado,19/02,18:00
2026-02-19,09:30,KLM,9844,,Cancelado,19/02,09:30
2026-02-19,08:30,DELTA,RJ1922,,Cancelado,19/02,08:30
2026-02-19,08:30,DELTA,RJ2699,,Cancelado,19/02,08:30
2026-02-19,20:15,LATAM,RJ3368,,Cancelado,19/02,20:15
2026-02-19,17:25,LATAM,RJ3874,,Atrasado,19/02,17:25
2026-02-19,23:15,LATAM,RJ3945,,Atrasado,19/02,23:15
2026-02-19,18:35,LATAM,RJ4126,,Atrasado,19/02,18:35
2026-02-19,06:35,EMIRATES,RJ4193,,Cancelado,19/02,06:35
2026-02-19,14:10,LATAM,RJ4548,,Cancelado,19/02,14:10
2026-02-19,07:40,LATAM,RJ4653,,Cancelado,19/02,07:40
2026-02-19,23:15,LATAM,RJ4656,,Atrasado,19/02,23:15
2026-02-19,05:45,EMIRATES,RJ4771,,Cancelado,19/02,05:45
2026-02-19,13:15,LATAM,RJ5206,,Cancelado,19/02,13:15
2026-02-19,09:55,LATAM,RJ5225,,Cancelado,19/02,09:55
2026-02-19,17:25,LATAM,RJ6099,,Atrasado,19/02,17:25
2026-02-19,15:10,LATAM,RJ6119,,Cancelado,19/02,15:10
2026-02-19,07:40,LATAM,RJ6199,,Cancelado,19/02,07:40
2026-02-19,02:40,LATAM,RJ6238,,Cancelado,19/02,02:40
2026-02-19,13:15,LATAM,RJ6241,,Cancelado,19/02,13:15
2026-02-19,20:15,LATAM,RJ6603,,Cancelado,19/02,20:15
2026-02-19,19:25,DELTA,RJ6690,,Cancelado,19/02,19:25
2026-02-19,06:35,EMIRATES,RJ7232,,Cancelado,19/02,06:35
2026-02-19,05:45,EMIRATES,RJ7586,,Cancelado,19/02,05:45
2026-02-19,19:25,DELTA,RJ7741,,Cancelado,19/02,19:25
2026-02-19,08:30,DELTA,RJ8417,,Cancelado,19/02,08:30
2026-02-19,15:10,LATAM,RJ8476,,Cancelado,19/02,15:10
2026-02-19,09:55,LATAM,RJ8558,,Cancelado,19/02,09:55
2026-02-18,00:50,,0634,,Cancelado,18/02,00:50
2026-02-18,15:15,LATAM,4670,,Atrasado,18/02,15:15
2026-02-18,15:05,,4985,,Atrasado,18/02,15:05
2026-02-18,21:00,LATAM,5187,,Cancelado,18/02,21:00
2026-02-18,23:20,LATAM,5245,,Atrasado,18/02,23:20
2026-02-18,23:40,LATAM,5508,,Cancelado,18/02,23:40
2026-02-18,23:30,LATAM,6173,,Atrasado,18/02,23:30
2026-02-18,23:15,EMIRATES,7124,,Cancelado,18/02,23:15
2026-02-18,23:15,,7614,,Cancelado,18/02,23:15
2026-02-18,23:40,LATAM,7701,,Cancelado,18/02,23:40
2026-02-18,23:20,LATAM,8036,,Atrasado,18/02,23:20
2026-02-18,21:00,LATAM,8132,,Cancelado,18/02,21:00
2026-02-18,15:20,LATAM,8453,,Atrasado,18/02,15:20
2026-02-18,23:05,KLM,9464,,Cancelado,18/02,23:05
2026-02-18,23:15,LATAM,RJ3352,,Atrasado,18/02,23:15
2026-02-18,20:35,LATAM,RJ3368,,Cancelado,18/02,20:35
2026-02-18,23:15,LATAM,RJ3945,,Atrasado,18/02,23:15
2026-02-18,15:05,LATAM,RJ4548,,Atrasado,18/02,15:05
2026-02-18,20:00,LATAM,RJ4672,,Cancelado,18/02,20:00
2026-02-18,15:05,LATAM,RJ4834,,Atrasado,18/02,15:05
2026-02-18,20:35,LATAM,RJ6603,,Cancelado,18/02,20:35
2026-02-18,20:00,LATAM,RJ7260,,Cancelado,18/02,20:00
2026-02-17,20:35,LATAM,3378,,Atrasado,17/02,20:35
2026-02-17,20:30,LATAM,3594,,Atrasado,17/02,20:30
2026-02-17,23:35,,3945,,Atrasado,17/02,23:35
2026-02-17,23:20,LATAM,4710,,Atrasado,17/02,23:20
2026-02-17,16:10,LATAM,8062,,Atrasado,17/02,16:10
2026-02-17,23:15,LATAM,RJ3352,,Atrasado,17/02,23:15
2026-02-17,20:25,LATAM,RJ3368,,Atrasado,17/02,20:25
2026-02-17,16:10,LATAM,RJ3874,,Atrasado,17/02,16:10
2026-02-17,23:15,LATAM,RJ3945,,Atrasado,17/02,23:15
2026-02-17,20:25,LATAM,RJ6603,,Atrasado,17/02,20:25
2026-02-17,16:10,LATAM,RJ6721,,Atrasado,17/02,16:10
2026-02-16,18:45,,0507,,Atrasado,16/02,18:45
2026-02-16,18:15,LATAM,1102,,Atrasado,16/02,18:15
2026-02-16,20:40,KLM,2414,,Atrasado,16/02,20:40
2026-02-16,14:40,KLM,6012,,Atrasado,16/02,14:40
2026-02-16,10:15,LATAM,6062,,Cancelado,16/02,10:15
2026-02-16,18:45,,6250,,Atrasado,16/02,18:45
2026-02-16,21:00,KLM,6849,,Atrasado,16/02,21:00
2026-02-16,17:40,LATAM,8146,,Cancelado,16/02,17:40
2026-02-16,10:15,LATAM,8194,,Cancelado,16/02,10:15
2026-02-16,17:40,LATAM,8445,,Cancelado,16/02,17:40
2026-02-16,18:45,,8897,,Atrasado,16/02,18:45
2026-02-16,22:30,DELTA,9904,,Atrasado,16/02,22:30
2026-02-16,08:35,DELTA,RJ1922,,Cancelado,16/02,08:35
2026-02-16,06:10,LATAM,RJ3340,,Cancelado,16/02,06:10
2026-02-16,20:40,KLM,RJ3368,,Atrasado,16/02,20:40
2026-02-16,07:20,LATAM,RJ3550,,Cancelado,16/02,07:20
2026-02-16,17:20,LATAM,RJ3874,,Cancelado,16/02,17:20
2026-02-16,12:45,LATAM,RJ4305,,Atrasado,16/02,12:45
2026-02-16,14:30,LATAM,RJ4548,,Atrasado,16/02,14:30
2026-02-16,18:10,LATAM,RJ4672,,Atrasado,16/02,18:10
2026-02-16,05:25,KLM,RJ4771,,Cancelado,16/02,05:25
2026-02-16,12:05,LATAM,RJ5225,,Atrasado,16/02,12:05
2026-02-16,08:00,LATAM,RJ6125,,Cancelado,16/02,08:00
2026-02-16,12:05,LATAM,RJ6321,,Atrasado,16/02,12:05
2026-02-16,10:15,LATAM,RJ6647,,Cancelado,16/02,10:15
2026-02-16,17:20,LATAM,RJ6721,,Cancelado,16/02,17:20
2026-02-16,18:10,LATAM,RJ7260,,Atrasado,16/02,18:10
2026-02-16,20:40,KLM,RJ7269,,Atrasado,16/02,20:40
2026-02-16,14:30,LATAM,RJ7355,,Atrasado,16/02,14:30
2026-02-16,05:25,KLM,RJ7586,,Cancelado,16/02,05:25
2026-02-16,06:10,LATAM,RJ7702,,Cancelado,16/02,06:10
2026-02-16,08:35,DELTA,RJ8175,,Cancelado,16/02,08:35
2026-02-16,12:45,LATAM,RJ8471,,Atrasado,16/02,12:45
2026-02-16,08:00,LATAM,RJ8652,,Cancelado,16/02,08:00
2026-02-16,05:00,KLM,RJ9254,,Cancelado,16/02,05:00
2026-02-15,12:15,,0090,,Atrasado,15/02,12:15
2026-02-15,17:25,,0184,,Atrasado,15/02,17:25
2026-02-15,19:20,,1251,,Atrasado,15/02,19:20
2026-02-15,20:40,KLM,1805,,Atrasado,15/02,20:40
2026-02-15,20:40,KLM,2414,,Atrasado,15/02,20:40
2026-02-15,19:20,,3014,,Atrasado,15/02,19:20
2026-02-15,17:35,LATAM,3276,,Atrasado,15/02,17:35
2026-02-15,18:30,LATAM,3316,,Cancelado,15/02,18:30
2026-02-15,17:30,LATAM,3334,,Cancelado,15/02,17:30
2026-02-15,18:15,LATAM,3376,,Cancelado,15/02,18:15
2026-02-15,17:35,LATAM,3401,,Atrasado,15/02,17:35
2026-02-15,19:00,LATAM,3834,,Cancelado,15/02,19:00
2026-02-15,19:00,,4190,,Atrasado,15/02,19:00
2026-02-15,20:15,,4672,,Atrasado,15/02,20:15
2026-02-15,17:35,LATAM,5251,,Atrasado,15/02,17:35
2026-02-15,04:25,,6061,,Atrasado,15/02,04:25
2026-02-15,18:15,LATAM,6327,,Cancelado,15/02,18:15
2026-02-15,19:50,EMIRATES,6694,,Atrasado,15/02,19:50
2026-02-15,21:00,KLM,6747,,Atrasado,15/02,21:00
2026-02-15,21:00,KLM,6849,,Atrasado,15/02,21:00
2026-02-15,09:45,LATAM,RJ3698,,Atrasado,15/02,09:45
2026-02-15,17:35,LATAM,RJ3874,,Atrasado,15/02,17:35
2026-02-15,02:40,LATAM,RJ4070,,Atrasado,15/02,02:40
2026-02-15,20:15,LATAM,RJ4672,,Atrasado,15/02,20:15
2026-02-15,04:25,EMIRATES,RJ4771,,Atrasado,15/02,04:25
2026-02-15,12:15,LATAM,RJ5225,,Atrasado,15/02,12:15
2026-02-15,12:15,LATAM,RJ6193,,Atrasado,15/02,12:15
2026-02-15,11:05,LATAM,RJ6647,,Atrasado,15/02,11:05
2026-02-15,17:35,LATAM,RJ6721,,Atrasado,15/02,17:35
2026-02-15,20:15,LATAM,RJ7260,,Atrasado,15/02,20:15
2026-02-15,09:45,LATAM,RJ8522,,Atrasado,15/02,09:45
2026-02-15,04:25,EMIRATES,RJ9072,,Atrasado,15/02,04:25
2026-02-15,04:25,EMIRATES,RJ9254,,Atrasado,15/02,04:25
2026-02-14,07:35,,0086,,Atrasado,14/02,07:35
2026-02-14,19:15,,0611,,Atrasado,14/02,19:15
2026-02-14,18:30,,0739,,Cancelado,14/02,18:30
2026-02-14,08:45,,1146,,Atrasado,14/02,08:45
2026-02-14,21:25,,1318,,Atrasado,14/02,21:25
2026-02-14,23:05,EMIRATES,1450,,Atrasado,14/02,23:05
2026-02-14,18:05,,1496,,Atrasado,14/02,18:05
2026-02-14,08:40,EMIRATES,1538,,Atrasado,14/02,08:40
2026-02-14,13:45,,1632,,Atrasado,14/02,13:45
2026-02-14,09:00,KLM,1985,,Atrasado,14/02,09:00
2026-02-14,18:05,,2691,,Atrasado,14/02,18:05
2026-02-14,17:05,,3080,,Atrasado,14/02,17:05
2026-02-14,23:25,LATAM,3224,,Cancelado,14/02,23:25
2026-02-14,16:40,LATAM,3556,,Atrasado,14/02,16:40
2026-02-14,08:40,EMIRATES,3645,,Atrasado,14/02,08:40
2026-02-14,08:40,EMIRATES,3741,,Atrasado,14/02,08:40
2026-02-14,08:40,EMIRATES,4108,,Atrasado,14/02,08:40
2026-02-14,18:05,,4132,,Atrasado,14/02,18:05
2026-02-14,17:05,,4186,,Atrasado,14/02,17:05
2026-02-14,00:55,LATAM,4522,,Atrasado,14/02,00:55
2026-02-14,23:30,LATAM,4545,,Cancelado,14/02,23:30
2026-02-14,09:00,KLM,4729,,Atrasado,14/02,09:00
2026-02-14,16:40,LATAM,5164,,Atrasado,14/02,16:40
2026-02-14,07:25,LATAM,5177,,Cancelado,14/02,07:25
2026-02-14,23:15,LATAM,6204,,Atrasado,14/02,23:15
2026-02-14,07:25,LATAM,6234,,Cancelado,14/02,07:25
2026-02-14,09:00,KLM,6396,,Atrasado,14/02,09:00
2026-02-14,23:15,,7614,,Atrasado,14/02,23:15
2026-02-14,13:45,,7628,,Atrasado,14/02,13:45
2026-02-14,08:20,LATAM,7643,,Cancelado,14/02,08:20
2026-02-14,08:05,LATAM,7673,,Cancelado,14/02,08:05
2026-02-14,13:45,,7703,,Atrasado,14/02,13:45
2026-02-14,23:45,LATAM,8013,,Cancelado,14/02,23:45
2026-02-14,07:55,LATAM,8020,,Cancelado,14/02,07:55
2026-02-14,17:05,,8063,,Atrasado,14/02,17:05
2026-02-14,23:05,LATAM,8133,,Atrasado,14/02,23:05
2026-02-14,07:25,LATAM,8144,,Cancelado,14/02,07:25
2026-02-14,23:20,LATAM,8355,,Atrasado,14/02,23:20
2026-02-14,08:20,LATAM,8423,,Cancelado,14/02,08:20
2026-02-14,08:05,LATAM,8443,,Cancelado,14/02,08:05
2026-02-14,23:15,LATAM,8646,,Atrasado,14/02,23:15
2026-02-14,08:05,LATAM,8662,,Cancelado,14/02,08:05
2026-02-14,15:55,,9251,,Atrasado,14/02,15:55
2026-02-14,15:50,,9306,,Atrasado,14/02,15:50
2026-02-14,23:10,KLM,9464,,Atrasado,14/02,23:10
2026-02-14,13:25,LATAM,RJ1244,,Atrasado,14/02,13:25
2026-02-14,19:15,EMIRATES,RJ1924,,Atrasado,14/02,19:15
2026-02-14,05:45,KLM,RJ2044,,Atrasado,14/02,05:45
2026-02-14,06:45,LATAM,RJ3340,,Atrasado,14/02,06:45
2026-02-14,20:30,LATAM,RJ3368,,Atrasado,14/02,20:30
2026-02-14,09:40,LATAM,RJ3698,,Atrasado,14/02,09:40
2026-02-14,17:35,LATAM,RJ3874,,Atrasado,14/02,17:35
2026-02-14,23:05,EMIRATES,RJ3945,,Atrasado,14/02,23:05
2026-02-14,07:05,LATAM,RJ3946,,Atrasado,14/02,07:05
2026-02-14,08:10,LATAM,RJ3947,,Atrasado,14/02,08:10
2026-02-14,12:15,LATAM,RJ3974,,Atrasado,14/02,12:15
2026-02-14,00:55,LATAM,RJ4070,,Atrasado,14/02,00:55
2026-02-14,08:10,LATAM,RJ4307,,Atrasado,14/02,08:10
2026-02-14,14:30,LATAM,RJ4548,,Atrasado,14/02,14:30
2026-02-14,12:35,LATAM,RJ4655,,Atrasado,14/02,12:35
2026-02-14,20:15,LATAM,RJ4672,,Atrasado,14/02,20:15
2026-02-14,14:05,LATAM,RJ5178,,Atrasado,14/02,14:05
2026-02-14,11:05,LATAM,RJ5225,,Atrasado,14/02,11:05
2026-02-14,08:30,LATAM,RJ5232,,Atrasado,14/02,08:30
2026-02-14,05:45,KLM,RJ6238,,Atrasado,14/02,05:45
2026-02-14,08:30,LATAM,RJ6248,,Atrasado,14/02,08:30
2026-02-14,12:00,LATAM,RJ6321,,Atrasado,14/02,12:00
2026-02-14,23:05,EMIRATES,RJ6513,,Atrasado,14/02,23:05
2026-02-14,19:40,EMIRATES,RJ7260,,Atrasado,14/02,19:40
2026-02-14,20:30,LATAM,RJ7269,,Atrasado,14/02,20:30
2026-02-14,12:35,LATAM,RJ7277,,Atrasado,14/02,12:35
2026-02-14,13:25,LATAM,RJ7344,,Atrasado,14/02,13:25
2026-02-14,17:35,LATAM,RJ7364,,Atrasado,14/02,17:35
2026-02-14,12:00,LATAM,RJ7392,,Atrasado,14/02,12:00
2026-02-14,19:15,EMIRATES,RJ7741,,Atrasado,14/02,19:15
2026-02-14,07:05,LATAM,RJ8439,,Atrasado,14/02,07:05
2026-02-14,14:30,LATAM,RJ8490,,Atrasado,14/02,14:30
2026-02-14,08:30,LATAM,RJ8652,,Atrasado,14/02,08:30
2026-02-14,09:40,LATAM,RJ9700,,Atrasado,14/02,09:40
2026-02-14,18:30,LATAM,RJ9809,,Cancelado,14/02,18:30
2026-02-13,20:40,KLM,2414,,Atrasado,13/02,20:40
2026-02-13,16:40,,2864,,Atrasado,13/02,16:40
2026-02-13,09:00,,4307,,Atrasado,13/02,09:00
2026-02-13,20:40,KLM,5002,,Atrasado,13/02,20:40
2026-02-13,16:40,,5344,,Atrasado,13/02,16:40
2026-02-13,21:40,KLM,5804,,Atrasado,13/02,21:40
2026-02-13,20:40,KLM,6189,,Atrasado,13/02,20:40
2026-02-13,20:40,KLM,9961,,Atrasado,13/02,20:40
2026-02-13,19:00,LATAM,RJ1924,,Atrasado,13/02,19:00
2026-02-13,20:25,LATAM,RJ3368,,Atrasado,13/02,20:25
2026-02-13,17:20,LATAM,RJ3874,,Atrasado,13/02,17:20
2026-02-13,18:15,LATAM,RJ4227,,Atrasado,13/02,18:15
2026-02-13,08:25,LATAM,RJ4307,,Atrasado,13/02,08:25
2026-02-13,14:30,LATAM,RJ4548,,Atrasado,13/02,14:30
2026-02-13,19:40,DELTA,RJ4672,,Atrasado,13/02,19:40
2026-02-13,08:20,LATAM,RJ5538,,Atrasado,13/02,08:20
2026-02-13,17:20,LATAM,RJ6221,,Atrasado,13/02,17:20
2026-02-13,08:20,LATAM,RJ6751,,Atrasado,13/02,08:20
2026-02-13,14:30,LATAM,RJ7255,,Atrasado,13/02,14:30
2026-02-13,19:40,DELTA,RJ7260,,Atrasado,13/02,19:40
2026-02-13,20:25,LATAM,RJ7269,,Atrasado,13/02,20:25
2026-02-13,19:00,LATAM,RJ7536,,Atrasado,13/02,19:00
2026-02-12,17:25,,0184,,Atrasado,12/02,17:25
2026-02-12,14:10,,2924,,Atrasado,12/02,14:10
2026-02-12,17:30,LATAM,3334,,Atrasado,12/02,17:30
2026-02-12,04:00,LATAM,3790,,Cancelado,12/02,04:00
2026-02-12,14:10,,4388,,Atrasado,12/02,14:10
2026-02-12,17:25,LATAM,5184,,Atrasado,12/02,17:25
2026-02-12,14:10,,7373,,Atrasado,12/02,14:10
2026-02-12,23:50,LATAM,RJ2044,,Cancelado,12/02,23:50
2026-02-12,12:30,LATAM,RJ3366,,Atrasado,12/02,12:30
2026-02-12,17:20,LATAM,RJ3874,,Atrasado,12/02,17:20
2026-02-12,01:50,DELTA,RJ4070,,Cancelado,12/02,01:50
2026-02-12,13:45,LATAM,RJ4548,,Atrasado,12/02,13:45
2026-02-12,11:35,LATAM,RJ4672,,Atrasado,12/02,11:35
2026-02-12,17:20,LATAM,RJ6221,,Atrasado,12/02,17:20
2026-02-12,11:35,LATAM,RJ7260,,Atrasado,12/02,11:35
2026-02-12,13:45,LATAM,RJ8476,,Atrasado,12/02,13:45
2026-02-12,12:30,LATAM,RJ8522,,Atrasado,12/02,12:30
2026-02-12,01:50,DELTA,RJ9254,,Cancelado,12/02,01:50
2026-02-11,02:40,,0160,,Atrasado,11/02,02:40
2026-02-11,22:45,EMIRATES,2020,,Atrasado,11/02,22:45
2026-02-11,22:05,EMIRATES,2655,,Atrasado,11/02,22:05
2026-02-11,04:00,LATAM,3790,,Cancelado,11/02,04:00
2026-02-11,17:30,LATAM,4518,,Atrasado,11/02,17:30
2026-02-11,00:55,LATAM,4522,,Atrasado,11/02,00:55
2026-02-11,08:00,LATAM,4604,,Atrasado,11/02,08:00
2026-02-11,17:45,LATAM,4662,,Atrasado,11/02,17:45
2026-02-11,21:45,,6513,,Atrasado,11/02,21:45
2026-02-11,21:55,KLM,7662,,Atrasado,11/02,21:55
2026-02-11,17:40,LATAM,8209,,Atrasado,11/02,17:40
2026-02-11,21:35,LATAM,RJ1925,,Atrasado,11/02,21:35
2026-02-11,21:35,LATAM,RJ2347,,Atrasado,11/02,21:35
2026-02-11,17:30,LATAM,RJ3874,,Atrasado,11/02,17:30
2026-02-11,07:45,LATAM,RJ3947,,Atrasado,11/02,07:45
2026-02-11,03:55,LATAM,RJ4070,,Cancelado,11/02,03:55
2026-02-11,07:45,LATAM,RJ6199,,Atrasado,11/02,07:45
2026-02-11,17:30,LATAM,RJ6221,,Atrasado,11/02,17:30
2026-02-11,21:45,LATAM,RJ6513,,Atrasado,11/02,21:45
2026-02-11,03:55,LATAM,RJ7586,,Cancelado,11/02,03:55
2026-02-10,17:25,,0184,,Atrasado,10/02,17:25
2026-02-10,08:40,KLM,1658,,Atrasado,10/02,08:40
2026-02-10,17:55,LATAM,3408,,Atrasado,10/02,17:55
2026-02-10,18:35,,3709,,Atrasado,10/02,18:35
2026-02-10,14:10,LATAM,7250,,Atrasado,10/02,14:10
2026-02-10,17:35,,7660,,Atrasado,10/02,17:35
2026-02-10,17:35,,9826,,Atrasado,10/02,17:35
2026-02-10,17:25,LATAM,RJ3874,,Atrasado,10/02,17:25
2026-02-10,15:15,LATAM,RJ4548,,Atrasado,10/02,15:15
2026-02-10,17:25,LATAM,RJ6221,,Atrasado,10/02,17:25
2026-02-10,15:15,LATAM,RJ7251,,Atrasado,10/02,15:15
2026-02-10,08:35,DELTA,RJ7763,,Atrasado,10/02,08:35
2026-02-10,14:10,LATAM,RJ8490,,Atrasado,10/02,14:10
2026-02-10,08:35,DELTA,RJ9080,,Atrasado,10/02,08:35
2026-02-09,20:15,,2329,,Atrasado,09/02,20:15
2026-02-09,20:15,,4126,,Atrasado,09/02,20:15
2026-02-09,10:15,KLM,5755,,Atrasado,09/02,10:15
2026-02-09,20:15,,6690,,Atrasado,09/02,20:15
2026-02-09,15:00,,8117,,Atrasado,09/02,15:00
2026-02-09,09:25,EMIRATES,9310,,Atrasado,09/02,09:25
2026-02-09,18:00,KLM,RJ2329,,Atrasado,09/02,18:00
2026-02-09,09:10,EMIRATES,RJ3698,,Atrasado,09/02,09:10
2026-02-09,17:25,LATAM,RJ3874,,Atrasado,09/02,17:25
2026-02-09,18:00,KLM,RJ4126,,Atrasado,09/02,18:00
2026-02-09,15:05,LATAM,RJ4548,,Atrasado,09/02,15:05
2026-02-09,12:50,LATAM,RJ4655,,Atrasado,09/02,12:50
2026-02-09,17:25,LATAM,RJ6221,,Atrasado,09/02,17:25
2026-02-09,18:00,KLM,RJ6690,,Atrasado,09/02,18:00
2026-02-09,15:05,LATAM,RJ7251,,Atrasado,09/02,15:05
2026-02-09,12:50,LATAM,RJ7277,,Atrasado,09/02,12:50
2026-02-09,14:00,LATAM,RJ8490,,Atrasado,09/02,14:00
2026-02-09,09:10,EMIRATES,RJ9700,,Atrasado,09/02,09:10
2026-02-08,07:35,,0086,,Atrasado,08/02,07:35
2026-02-08,20:40,KLM,0459,,Atrasado,08/02,20:40
2026-02-08,13:50,,1484,,Atrasado,08/02,13:50
2026-02-08,20:40,KLM,1805,,Atrasado,08/02,20:40
2026-02-08,20:40,KLM,2414,,Atrasado,08/02,20:40
2026-02-08,13:50,,3686,,Atrasado,08/02,13:50
2026-02-08,20:40,KLM,5002,,Atrasado,08/02,20:40
2026-02-08,23:50,LATAM,5171,,Atrasado,08/02,23:50
2026-02-08,20:40,KLM,6189,,Atrasado,08/02,20:40
2026-02-08,13:25,LATAM,8470,,Atrasado,08/02,13:25
2026-02-08,20:40,KLM,9961,,Atrasado,08/02,20:40
2026-02-08,15:30,LATAM,RJ1244,,Atrasado,08/02,15:30
2026-02-08,19:20,LATAM,RJ1924,,Atrasado,08/02,19:20
2026-02-08,12:35,LATAM,RJ3366,,Atrasado,08/02,12:35
2026-02-08,17:35,LATAM,RJ3874,,Atrasado,08/02,17:35
2026-02-08,19:20,LATAM,RJ4126,,Atrasado,08/02,19:20
2026-02-08,18:35,LATAM,RJ4227,,Atrasado,08/02,18:35
2026-02-08,14:35,LATAM,RJ4548,,Atrasado,08/02,14:35
2026-02-08,07:35,DELTA,RJ4653,,Atrasado,08/02,07:35
2026-02-08,23:50,LATAM,RJ4771,,Atrasado,08/02,23:50
2026-02-08,07:35,DELTA,RJ6199,,Atrasado,08/02,07:35
2026-02-08,17:35,LATAM,RJ6221,,Atrasado,08/02,17:35
2026-02-08,20:15,LATAM,RJ6603,,Atrasado,08/02,20:15
2026-02-08,12:15,LATAM,RJ6647,,Atrasado,08/02,12:15
2026-02-08,13:25,LATAM,RJ6733,,Atrasado,08/02,13:25
2026-02-08,20:15,LATAM,RJ7269,,Atrasado,08/02,20:15
2026-02-08,12:35,LATAM,RJ7277,,Atrasado,08/02,12:35
2026-02-08,16:10,LATAM,RJ7335,,Atrasado,08/02,16:10
2026-02-08,23:50,LATAM,RJ7586,,Atrasado,08/02,23:50
2026-02-08,14:35,LATAM,RJ8490,,Atrasado,08/02,14:35
2026-02-08,12:15,LATAM,RJ8558,,Atrasado,08/02,12:15
2026-02-08,16:10,LATAM,RJ9173,,Atrasado,08/02,16:10
2026-02-07,18:30,,0739,,Cancelado,07/02,18:30
2026-02-07,20:45,,3368,,Atrasado,07/02,20:45
2026-02-07,16:55,,3580,,Atrasado,07/02,16:55
2026-02-07,16:40,,5177,,Atrasado,07/02,16:40
2026-02-07,12:20,LATAM,7655,,Atrasado,07/02,12:20
2026-02-07,17:25,LATAM,8107,,Atrasado,07/02,17:25
2026-02-07,18:30,LATAM,8119,,Atrasado,07/02,18:30
2026-02-07,16:55,,9832,,Atrasado,07/02,16:55
2026-02-07,18:15,LATAM,RJ2329,,Atrasado,07/02,18:15
2026-02-07,20:35,LATAM,RJ3368,,Atrasado,07/02,20:35
2026-02-07,17:35,LATAM,RJ3874,,Cancelado,07/02,17:35
2026-02-07,12:10,LATAM,RJ3974,,Atrasado,07/02,12:10
2026-02-07,17:35,LATAM,RJ6221,,Cancelado,07/02,17:35
2026-02-07,20:35,LATAM,RJ7269,,Atrasado,07/02,20:35
2026-02-07,18:15,LATAM,RJ7536,,Atrasado,07/02,18:15
2026-02-06,14:45,,1885,,Atrasado,06/02,14:45
2026-02-06,10:15,KLM,2047,,Atrasado,06/02,10:15
2026-02-06,18:30,,2601,,Atrasado,06/02,18:30
2026-02-06,14:10,,2764,,Atrasado,06/02,14:10
2026-02-06,18:20,LATAM,3346,,Atrasado,06/02,18:20
2026-02-06,15:35,LATAM,3354,,Atrasado,06/02,15:35
2026-02-06,10:00,LATAM,3397,,Cancelado,06/02,10:00
2026-02-06,15:55,LATAM,3506,,Atrasado,06/02,15:55
2026-02-06,10:15,KLM,3665,,Atrasado,06/02,10:15
2026-02-06,10:15,KLM,3728,,Atrasado,06/02,10:15
2026-02-06,18:30,,4190,,Atrasado,06/02,18:30
2026-02-06,14:10,,4388,,Atrasado,06/02,14:10
2026-02-06,10:15,KLM,4686,,Atrasado,06/02,10:15
2026-02-06,16:40,,5344,,Atrasado,06/02,16:40
2026-02-06,14:45,,8142,,Atrasado,06/02,14:45
2026-02-06,18:30,,9080,,Atrasado,06/02,18:30
2026-02-06,10:15,KLM,9605,,Atrasado,06/02,10:15
2026-02-06,17:15,LATAM,RJ3874,,Atrasado,06/02,17:15
2026-02-06,08:10,LATAM,RJ3947,,Atrasado,06/02,08:10
2026-02-06,05:45,EMIRATES,RJ4070,,Atrasado,06/02,05:45
2026-02-06,06:35,EMIRATES,RJ4193,,Atrasado,06/02,06:35
2026-02-06,12:40,LATAM,RJ4305,,Atrasado,06/02,12:40
2026-02-06,08:10,LATAM,RJ4307,,Atrasado,06/02,08:10
2026-02-06,14:40,LATAM,RJ4548,,Atrasado,06/02,14:40
2026-02-06,05:45,EMIRATES,RJ4771,,Atrasado,06/02,05:45
2026-02-06,08:35,LATAM,RJ4796,,Atrasado,06/02,08:35
2026-02-06,07:25,LATAM,RJ6112,,Atrasado,06/02,07:25
2026-02-06,10:15,LATAM,RJ6193,,Atrasado,06/02,10:15
2026-02-06,17:15,LATAM,RJ6221,,Atrasado,06/02,17:15
2026-02-06,14:40,LATAM,RJ7260,,Atrasado,06/02,14:40
2026-02-06,18:20,LATAM,RJ7536,,Atrasado,06/02,18:20
2026-02-06,07:25,LATAM,RJ7702,,Atrasado,06/02,07:25
2026-02-06,18:20,LATAM,RJ7741,,Atrasado,06/02,18:20
2026-02-06,12:40,LATAM,RJ8473,,Atrasado,06/02,12:40
2026-02-06,13:55,LATAM,RJ8490,,Atrasado,06/02,13:55
2026-02-06,10:15,LATAM,RJ8558,,Atrasado,06/02,10:15
2026-02-06,06:35,EMIRATES,RJ9173,,Atrasado,06/02,06:35
2026-02-06,08:35,LATAM,RJ9255,,Atrasado,06/02,08:35
2026-02-05,02:40,,0160,,Atrasado,05/02,02:40
2026-02-05,15:15,,0268,,Cancelado,05/02,15:15
2026-02-05,23:55,EMIRATES,2708,,Atrasado,05/02,23:55
2026-02-05,20:45,,3368,,Atrasado,05/02,20:45
2026-02-05,15:15,,7969,,Cancelado,05/02,15:15
2026-02-05,07:25,LATAM,8438,,Cancelado,05/02,07:25
2026-02-05,07:25,LATAM,8650,,Cancelado,05/02,07:25
2026-02-05,09:55,,9179,,Atrasado,05/02,09:55
2026-02-05,23:45,DELTA,RJ2044,,Atrasado,05/02,23:45
2026-02-05,20:35,LATAM,RJ3368,,Atrasado,05/02,20:35
2026-02-05,05:45,KLM,RJ4070,,Cancelado,05/02,05:45
2026-02-05,06:35,EMIRATES,RJ4193,,Cancelado,05/02,06:35
2026-02-05,06:35,EMIRATES,RJ4356,,Cancelado,05/02,06:35
2026-02-05,14:40,LATAM,RJ4548,,Cancelado,05/02,14:40
2026-02-05,14:40,LATAM,RJ6119,,Cancelado,05/02,14:40
2026-02-05,05:45,KLM,RJ6238,,Cancelado,05/02,05:45
2026-02-05,20:35,LATAM,RJ7269,,Atrasado,05/02,20:35
2026-02-05,01:40,DELTA,RJ9254,,Cancelado,05/02,01:40
2026-02-05,09:50,LATAM,SUL3838,,Atrasado,05/02,09:50
2026-02-04,12:55,LATAM,3332,,Cancelado,04/02,12:55
2026-02-04,09:05,,4209,,Atrasado,04/02,09:05
2026-02-04,12:55,LATAM,6619,,Cancelado,04/02,12:55
2026-02-04,12:55,LATAM,7675,,Cancelado,04/02,12:55
2026-02-04,11:05,LATAM,RJ5225,,Cancelado,04/02,11:05
2026-02-04,12:45,LATAM,RJ5357,,Cancelado,04/02,12:45
2026-02-04,12:45,LATAM,RJ7344,,Cancelado,04/02,12:45
2026-02-04,12:05,LATAM,RJ7392,,Cancelado,04/02,12:05
2026-02-04,08:35,DELTA,RJ7763,,Atrasado,04/02,08:35
2026-02-04,08:35,DELTA,RJ8175,,Atrasado,04/02,08:35
2026-02-04,08:35,DELTA,RJ8417,,Atrasado,04/02,08:35
2026-02-04,12:05,LATAM,RJ8558,,Cancelado,04/02,12:05
2026-02-03,18:35,,0631,,Atrasado,03/02,18:35
2026-02-03,16:15,LATAM,3604,,Atrasado,03/02,16:15
2026-02-03,13:25,,4830,,Atrasado,03/02,13:25
2026-02-03,23:50,LATAM,6170,,Atrasado,03/02,23:50
2026-02-03,08:50,LATAM,6527,,Atrasado,03/02,08:50
2026-02-03,14:15,LATAM,6727,,Atrasado,03/02,14:15
2026-02-03,23:45,LATAM,RJ2044,,Atrasado,03/02,23:45
2026-02-03,16:10,LATAM,RJ3874,,Atrasado,03/02,16:10
2026-02-03,18:30,LATAM,RJ4227,,Atrasado,03/02,18:30
2026-02-03,14:10,LATAM,RJ4548,,Atrasado,03/02,14:10
2026-02-03,16:10,LATAM,RJ6221,,Atrasado,03/02,16:10
2026-02-03,13:15,LATAM,RJ6603,,Atrasado,03/02,13:15
2026-02-03,18:30,LATAM,RJ7536,,Atrasado,03/02,18:30
2026-02-03,13:15,LATAM,RJ8475,,Atrasado,03/02,13:15
2026-02-03,14:10,LATAM,RJ8490,,Atrasado,03/02,14:10
2026-02-03,23:45,LATAM,RJ9254,,Atrasado,03/02,23:45
2026-02-03,08:35,LATAM,RJ9300,,Atrasado,03/02,08:35
2026-02-02,08:20,,1300,,Cancelado,02/02,08:20
2026-02-02,10:15,EMIRATES,2047,,Atrasado,02/02,10:15
2026-02-02,10:15,EMIRATES,2367,,Atrasado,02/02,10:15
2026-02-02,09:10,,2673,,Atrasado,02/02,09:10
2026-02-02,09:10,,3598,,Atrasado,02/02,09:10
2026-02-02,08:40,EMIRATES,4067,,Atrasado,02/02,08:40
2026-02-02,09:10,,8112,,Atrasado,02/02,09:10
2026-02-02,10:15,EMIRATES,9605,,Atrasado,02/02,10:15
2026-02-02,08:20,,9728,,Cancelado,02/02,08:20
2026-02-02,05:00,EMIRATES,RJ2044,,Cancelado,02/02,05:00
2026-02-02,08:25,LATAM,RJ3550,,Atrasado,02/02,08:25
2026-02-02,09:45,LATAM,RJ3698,,Atrasado,02/02,09:45
2026-02-02,06:40,LATAM,RJ3946,,Atrasado,02/02,06:40
2026-02-02,05:45,EMIRATES,RJ4771,,Cancelado,02/02,05:45
2026-02-02,07:40,LATAM,RJ5232,,Atrasado,02/02,07:40
2026-02-02,07:40,LATAM,RJ6125,,Atrasado,02/02,07:40
2026-02-02,05:45,EMIRATES,RJ6238,,Cancelado,02/02,05:45
2026-02-02,06:40,LATAM,RJ7120,,Atrasado,02/02,06:40
2026-02-02,01:50,DELTA,RJ7586,,Cancelado,02/02,01:50
2026-02-02,09:45,LATAM,RJ8522,,Atrasado,02/02,09:45
2026-02-01,07:35,,0086,,Atrasado,01/02,07:35
2026-02-01,17:25,,0184,,Atrasado,01/02,17:25
2026-02-01,18:35,,0631,,Atrasado,01/02,18:35
2026-02-01,19:40,DELTA,0763,,Atrasado,01/02,19:40
2026-02-01,17:15,,1268,,Atrasado,01/02,17:15
2026-02-01,17:30,,1395,,Atrasado,01/02,17:30
2026-02-01,19:50,EMIRATES,1949,,Atrasado,01/02,19:50
2026-02-01,13:50,,2316,,Atrasado,01/02,13:50
2026-02-01,18:05,,2607,,Atrasado,01/02,18:05
2026-02-01,13:10,,2893,,Atrasado,01/02,13:10
2026-02-01,18:40,LATAM,3232,,Atrasado,01/02,18:40
2026-02-01,18:15,LATAM,3346,,Cancelado,01/02,18:15
2026-02-01,16:10,LATAM,3556,,Atrasado,01/02,16:10
2026-02-01,19:30,,3709,,Atrasado,01/02,19:30
2026-02-01,17:15,,4112,,Atrasado,01/02,17:15
2026-02-01,17:15,,4145,,Atrasado,01/02,17:15
2026-02-01,18:05,,4210,,Atrasado,01/02,18:05
2026-02-01,20:20,LATAM,5150,,Atrasado,01/02,20:20
2026-02-01,17:15,,7660,,Atrasado,01/02,17:15
2026-02-01,18:00,,7680,,Atrasado,01/02,18:00
2026-02-01,17:15,,8096,,Atrasado,01/02,17:15
2026-02-01,18:15,LATAM,8343,,Cancelado,01/02,18:15
2026-02-01,19:50,EMIRATES,9032,,Atrasado,01/02,19:50
2026-02-01,13:20,KLM,9406,,Atrasado,01/02,13:20
2026-02-01,17:15,,9826,,Atrasado,01/02,17:15
2026-02-01,18:00,,9837,,Atrasado,01/02,18:00
2026-02-01,19:15,LATAM,RJ1924,,Atrasado,01/02,19:15
2026-02-01,20:15,LATAM,RJ3368,,Atrasado,01/02,20:15
2026-02-01,17:35,LATAM,RJ3874,,Atrasado,01/02,17:35
2026-02-01,07:35,LATAM,RJ3947,,Atrasado,01/02,07:35
2026-02-01,19:15,LATAM,RJ4126,,Atrasado,01/02,19:15
2026-02-01,07:35,LATAM,RJ4307,,Atrasado,01/02,07:35
2026-02-01,14:35,LATAM,RJ4548,,Atrasado,01/02,14:35
2026-02-01,16:25,LATAM,RJ5357,,Atrasado,01/02,16:25
2026-02-01,13:15,LATAM,RJ6184,,Atrasado,01/02,13:15
2026-02-01,17:35,LATAM,RJ6198,,Atrasado,01/02,17:35
2026-02-01,19:40,DELTA,RJ6603,,Atrasado,01/02,19:40
2026-02-01,12:15,LATAM,RJ6647,,Atrasado,01/02,12:15
2026-02-01,12:35,LATAM,RJ6720,,Atrasado,01/02,12:35
2026-02-01,14:35,LATAM,RJ7260,,Atrasado,01/02,14:35
2026-02-01,20:15,LATAM,RJ7269,,Atrasado,01/02,20:15
2026-02-01,12:35,LATAM,RJ7277,,Atrasado,01/02,12:35
2026-02-01,16:25,LATAM,RJ7344,,Atrasado,01/02,16:25
2026-02-01,12:15,LATAM,RJ8558,,Atrasado,01/02,12:15
2026-02-01,16:10,LATAM,RJ9173,,Atrasado,01/02,16:10
2026-02-01,18:30,LATAM,RJ9813,,Atrasado,01/02,18:30
2026-01-31,11:05,,0015,,Atrasado,31/01,11:05
2026-01-31,22:25,,0860,,Atrasado,31/01,22:25
2026-01-31,17:30,,1470,,Cancelado,31/01,17:30
2026-01-31,23:30,LATAM,4674,,Atrasado,31/01,23:30
2026-01-31,06:55,,4682,,Atrasado,31/01,06:55
2026-01-31,23:15,LATAM,5283,,Atrasado,31/01,23:15
2026-01-31,22:25,,7255,,Atrasado,31/01,22:25
2026-01-31,17:10,,7598,,Atrasado,31/01,17:10
2026-01-31,08:05,LATAM,8173,,Atrasado,31/01,08:05
2026-01-31,12:15,LATAM,8187,,Atrasado,31/01,12:15
2026-01-31,23:35,LATAM,8191,,Atrasado,31/01,23:35
2026-01-31,06:45,LATAM,RJ3340,,Atrasado,31/01,06:45
2026-01-31,09:35,LATAM,RJ3698,,Atrasado,31/01,09:35
2026-01-31,17:30,LATAM,RJ3874,,Atrasado,31/01,17:30
2026-01-31,23:15,EMIRATES,RJ3945,,Atrasado,31/01,23:15
2026-01-31,08:05,LATAM,RJ3947,,Atrasado,31/01,08:05
2026-01-31,18:30,LATAM,RJ4126,,Atrasado,31/01,18:30
2026-01-31,08:05,LATAM,RJ4307,,Atrasado,31/01,08:05
2026-01-31,23:15,EMIRATES,RJ4656,,Atrasado,31/01,23:15
2026-01-31,11:05,LATAM,RJ5225,,Atrasado,31/01,11:05
2026-01-31,07:10,LATAM,RJ6112,,Atrasado,31/01,07:10
2026-01-31,17:30,LATAM,RJ6198,,Atrasado,31/01,17:30
2026-01-31,12:05,LATAM,RJ6647,,Atrasado,31/01,12:05
2026-01-31,18:30,LATAM,RJ6690,,Atrasado,31/01,18:30
2026-01-31,08:30,LATAM,RJ7350,,Atrasado,31/01,08:30
2026-01-31,09:35,LATAM,RJ7407,,Atrasado,31/01,09:35
2026-01-31,12:05,LATAM,RJ8558,,Atrasado,31/01,12:05
2026-01-31,07:10,LATAM,RJ8643,,Atrasado,31/01,07:10
2026-01-31,08:30,LATAM,RJ8652,,Atrasado,31/01,08:30
2026-01-30,11:05,,0015,,Cancelado,30/01,11:05
2026-01-30,21:00,KLM,0792,,Atrasado,30/01,21:00
2026-01-30,14:40,,1070,,Atrasado,30/01,14:40
2026-01-30,16:55,,1172,,Atrasado,30/01,16:55
2026-01-30,13:35,,1909,,Atrasado,30/01,13:35
2026-01-30,16:55,,2307,,Atrasado,30/01,16:55
2026-01-30,14:05,,2316,,Atrasado,30/01,14:05
2026-01-30,14:10,,2764,,Atrasado,30/01,14:10
2026-01-30,08:55,LATAM,3404,,Cancelado,30/01,08:55
2026-01-30,17:55,LATAM,3408,,Atrasado,30/01,17:55
2026-01-30,16:55,,3580,,Atrasado,30/01,16:55
2026-01-30,16:15,LATAM,3604,,Cancelado,30/01,16:15
2026-01-30,09:00,,4193,,Atrasado,30/01,09:00
2026-01-30,08:55,LATAM,4666,,Cancelado,30/01,08:55
2026-01-30,06:00,EMIRATES,5076,,Cancelado,30/01,06:00
2026-01-30,16:15,LATAM,5156,,Cancelado,30/01,16:15
2026-01-30,21:00,KLM,5500,,Atrasado,30/01,21:00
2026-01-30,16:15,LATAM,6143,,Atrasado,30/01,16:15
2026-01-30,16:55,,6172,,Atrasado,30/01,16:55
2026-01-30,08:55,LATAM,6249,,Cancelado,30/01,08:55
2026-01-30,12:15,,6647,,Cancelado,30/01,12:15
2026-01-30,21:00,KLM,6718,,Atrasado,30/01,21:00
2026-01-30,23:20,LATAM,6728,,Atrasado,30/01,23:20
2026-01-30,21:00,KLM,6747,,Atrasado,30/01,21:00
2026-01-30,13:15,,7277,,Atrasado,30/01,13:15
2026-01-30,08:55,LATAM,7661,,Cancelado,30/01,08:55
2026-01-30,16:55,,8050,,Atrasado,30/01,16:55
2026-01-30,11:15,LATAM,8106,,Cancelado,30/01,11:15
2026-01-30,23:20,LATAM,8129,,Atrasado,30/01,23:20
2026-01-30,23:20,LATAM,8355,,Atrasado,30/01,23:20
2026-01-30,08:55,LATAM,8411,,Cancelado,30/01,08:55
2026-01-30,12:15,,8558,,Cancelado,30/01,12:15
2026-01-30,09:00,,9173,,Atrasado,30/01,09:00
2026-01-30,06:00,EMIRATES,9175,,Cancelado,30/01,06:00
2026-01-30,13:40,LATAM,RJ1070,,Atrasado,30/01,13:40
2026-01-30,06:35,EMIRATES,RJ1244,,Atrasado,30/01,06:35
2026-01-30,13:40,LATAM,RJ2379,,Atrasado,30/01,13:40
2026-01-30,17:45,DELTA,RJ3874,,Atrasado,30/01,17:45
2026-01-30,18:15,LATAM,RJ4126,,Atrasado,30/01,18:15
2026-01-30,06:35,EMIRATES,RJ4193,,Atrasado,30/01,06:35
2026-01-30,12:20,LATAM,RJ4305,,Atrasado,30/01,12:20
2026-01-30,23:20,LATAM,RJ4540,,Atrasado,30/01,23:20
2026-01-30,14:25,LATAM,RJ4548,,Atrasado,30/01,14:25
2026-01-30,10:35,LATAM,RJ5225,,Cancelado,30/01,10:35
2026-01-30,07:20,LATAM,RJ6112,,Cancelado,30/01,07:20
2026-01-30,17:45,DELTA,RJ6203,,Atrasado,30/01,17:45
2026-01-30,09:40,KLM,RJ6603,,Cancelado,30/01,09:40
2026-01-30,11:35,LATAM,RJ6647,,Cancelado,30/01,11:35
2026-01-30,19:15,LATAM,RJ6690,,Atrasado,30/01,19:15
2026-01-30,13:00,LATAM,RJ6720,,Atrasado,30/01,13:00
2026-01-30,07:50,LATAM,RJ6751,,Cancelado,30/01,07:50
2026-01-30,14:25,LATAM,RJ7260,,Atrasado,30/01,14:25
2026-01-30,13:00,LATAM,RJ7277,,Atrasado,30/01,13:00
2026-01-30,08:25,DELTA,RJ7350,,Cancelado,30/01,08:25
2026-01-30,19:15,LATAM,RJ7741,,Atrasado,30/01,19:15
2026-01-30,09:40,KLM,RJ8522,,Cancelado,30/01,09:40
2026-01-30,11:35,LATAM,RJ8558,,Cancelado,30/01,11:35
2026-01-30,07:20,LATAM,RJ8643,,Cancelado,30/01,07:20
2026-01-30,08:25,DELTA,RJ8652,,Cancelado,30/01,08:25
2026-01-30,05:25,LATAM,RJ9072,,Atrasado,30/01,05:25
2026-01-30,06:35,EMIRATES,RJ9173,,Atrasado,30/01,06:35
2026-01-30,05:25,LATAM,RJ9254,,Atrasado,30/01,05:25
2026-01-29,11:05,,0015,,Atrasado,29/01,11:05
2026-01-29,10:20,,3609,,Atrasado,29/01,10:20
2026-01-29,17:05,,4390,,Atrasado,29/01,17:05
2026-01-29,07:30,DELTA,6293,,Atrasado,29/01,07:30
2026-01-29,21:30,,6805,,Atrasado,29/01,21:30
2026-01-29,20:35,LATAM,RJ3368,,Atrasado,29/01,20:35
2026-01-29,16:20,LATAM,RJ3874,,Atrasado,29/01,16:20
2026-01-29,10:15,LATAM,RJ5225,,Atrasado,29/01,10:15
2026-01-29,07:20,LATAM,RJ5516,,Atrasado,29/01,07:20
2026-01-29,16:20,LATAM,RJ6203,,Atrasado,29/01,16:20
2026-01-29,11:05,LATAM,RJ6647,,Atrasado,29/01,11:05
2026-01-29,20:35,LATAM,RJ7269,,Atrasado,29/01,20:35
2026-01-29,11:05,LATAM,RJ8558,,Atrasado,29/01,11:05
2026-01-29,07:20,LATAM,RJ8643,,Atrasado,29/01,07:20
2026-01-28,21:30,,0091,,Atrasado,28/01,21:30
2026-01-28,17:30,LATAM,3334,,Cancelado,28/01,17:30
2026-01-28,16:10,LATAM,3556,,Atrasado,28/01,16:10
2026-01-28,17:35,KLM,3709,,Atrasado,28/01,17:35
2026-01-28,16:35,LATAM,5185,,Atrasado,28/01,16:35
2026-01-28,04:46,,6089,,Atrasado,28/01,04:46
2026-01-28,21:30,,6805,,Atrasado,28/01,21:30
2026-01-28,21:30,,7801,,Atrasado,28/01,21:30
2026-01-28,17:35,KLM,8096,,Atrasado,28/01,17:35
2026-01-28,18:35,LATAM,8138,,Atrasado,28/01,18:35
2026-01-28,11:30,LATAM,8514,,Atrasado,28/01,11:30
2026-01-28,20:15,LATAM,RJ1924,,Atrasado,28/01,20:15
2026-01-28,16:30,DELTA,RJ3874,,Atrasado,28/01,16:30
2026-01-28,04:46,LATAM,RJ4070,,Atrasado,28/01,04:46
2026-01-28,18:35,LATAM,RJ4126,,Atrasado,28/01,18:35
2026-01-28,04:46,LATAM,RJ4771,,Atrasado,28/01,04:46
2026-01-28,19:45,LATAM,RJ4797,,Atrasado,28/01,19:45
2026-01-28,11:15,LATAM,RJ5225,,Atrasado,28/01,11:15
2026-01-28,16:30,DELTA,RJ6187,,Atrasado,28/01,16:30
2026-01-28,17:20,LATAM,RJ6690,,Atrasado,28/01,17:20
2026-01-28,19:45,LATAM,RJ7741,,Atrasado,28/01,19:45
2026-01-28,11:15,LATAM,RJ8558,,Atrasado,28/01,11:15
2026-01-27,17:25,,0184,,Atrasado,27/01,17:25
2026-01-27,17:45,DELTA,0753,,Atrasado,27/01,17:45
2026-01-27,16:00,,0774,,Atrasado,27/01,16:00
2026-01-27,22:35,,0950,,Cancelado,27/01,22:35
2026-01-27,23:00,,0962,,Cancelado,27/01,23:00
2026-01-27,17:10,,1250,,Atrasado,27/01,17:10
2026-01-27,18:50,,1446,,Atrasado,27/01,18:50
2026-01-27,17:55,,1470,,Atrasado,27/01,17:55
2026-01-27,22:00,KLM,2355,,Atrasado,27/01,22:00
2026-01-27,18:50,,2662,,Atrasado,27/01,18:50
2026-01-27,17:35,LATAM,3276,,Cancelado,27/01,17:35
2026-01-27,17:30,LATAM,3334,,Cancelado,27/01,17:30
2026-01-27,18:20,LATAM,3346,,Atrasado,27/01,18:20
2026-01-27,17:55,LATAM,3408,,Cancelado,27/01,17:55
2026-01-27,17:10,,4054,,Atrasado,27/01,17:10
2026-01-27,17:05,LATAM,5184,,Atrasado,27/01,17:05
2026-01-27,17:30,LATAM,5250,,Cancelado,27/01,17:30
2026-01-27,17:35,LATAM,5251,,Cancelado,27/01,17:35
2026-01-27,16:35,,6501,,Atrasado,27/01,16:35
2026-01-27,10:50,LATAM,6763,,Cancelado,27/01,10:50
2026-01-27,17:05,,7345,,Atrasado,27/01,17:05
2026-01-27,00:40,,7990,,Cancelado,27/01,00:40
2026-01-27,17:40,LATAM,8097,,Atrasado,27/01,17:40
2026-01-27,17:30,LATAM,8117,,Atrasado,27/01,17:30
2026-01-27,17:55,LATAM,8121,,Atrasado,27/01,17:55
2026-01-27,17:50,LATAM,8202,,Cancelado,27/01,17:50
2026-01-27,17:30,LATAM,8225,,Cancelado,27/01,17:30
2026-01-27,10:50,LATAM,8376,,Cancelado,27/01,10:50
2026-01-27,16:35,,9830,,Atrasado,27/01,16:35
2026-01-27,19:25,DELTA,RJ1924,,Cancelado,27/01,19:25
2026-01-27,00:40,EMIRATES,RJ2044,,Cancelado,27/01,00:40
2026-01-27,19:25,DELTA,RJ2328,,Cancelado,27/01,19:25
2026-01-27,20:25,LATAM,RJ3368,,Atrasado,27/01,20:25
2026-01-27,09:35,LATAM,RJ3698,,Cancelado,27/01,09:35
2026-01-27,17:05,LATAM,RJ3874,,Atrasado,27/01,17:05
2026-01-27,18:20,LATAM,RJ4126,,Atrasado,27/01,18:20
2026-01-27,17:30,LATAM,RJ4227,,Atrasado,27/01,17:30
2026-01-27,23:00,LATAM,RJ5190,,Cancelado,27/01,23:00
2026-01-27,17:05,LATAM,RJ6187,,Atrasado,27/01,17:05
2026-01-27,23:00,LATAM,RJ6603,,Cancelado,27/01,23:00
2026-01-27,13:45,LATAM,RJ7260,,Atrasado,27/01,13:45
2026-01-27,20:25,LATAM,RJ7269,,Atrasado,27/01,20:25
2026-01-27,13:45,LATAM,RJ7355,,Atrasado,27/01,13:45
2026-01-27,10:40,LATAM,RJ7392,,Cancelado,27/01,10:40
2026-01-27,10:40,LATAM,RJ8558,,Cancelado,27/01,10:40
2026-01-27,00:40,EMIRATES,RJ9072,,Cancelado,27/01,00:40
2026-01-27,09:35,LATAM,RJ9700,,Cancelado,27/01,09:35
2026-01-26,12:15,,0090,,Cancelado,26/01,12:15
2026-01-26,20:40,KLM,0459,,Atrasado,26/01,20:40
2026-01-26,18:35,,0631,,Atrasado,26/01,18:35
2026-01-26,23:00,,0962,,Cancelado,26/01,23:00
2026-01-26,22:00,,0966,,Cancelado,26/01,22:00
2026-01-26,09:00,KLM,1412,,Atrasado,26/01,09:00
2026-01-26,15:00,,1560,,Atrasado,26/01,15:00
2026-01-26,17:00,,1578,,Atrasado,26/01,17:00
2026-01-26,14:10,,1588,,Atrasado,26/01,14:10
2026-01-26,20:40,KLM,1805,,Atrasado,26/01,20:40
2026-01-26,20:40,KLM,2414,,Atrasado,26/01,20:40
2026-01-26,10:00,KLM,2695,,Cancelado,26/01,10:00
2026-01-26,23:55,,3030,,Cancelado,26/01,23:55
2026-01-26,12:25,LATAM,3265,,Cancelado,26/01,12:25
2026-01-26,23:20,LATAM,3394,,Atrasado,26/01,23:20
2026-01-26,14:30,,3586,,Atrasado,26/01,14:30
2026-01-26,10:00,KLM,3639,,Cancelado,26/01,10:00
2026-01-26,21:45,EMIRATES,4144,,Atrasado,26/01,21:45
2026-01-26,09:05,,4156,,Atrasado,26/01,09:05
2026-01-26,10:00,KLM,4169,,Cancelado,26/01,10:00
2026-01-26,15:00,,4198,,Atrasado,26/01,15:00
2026-01-26,17:05,LATAM,4666,,Cancelado,26/01,17:05
2026-01-26,10:00,KLM,4729,,Cancelado,26/01,10:00
2026-01-26,20:40,KLM,5002,,Atrasado,26/01,20:40
2026-01-26,15:00,,5896,,Atrasado,26/01,15:00
2026-01-26,20:40,KLM,6189,,Atrasado,26/01,20:40
2026-01-26,12:25,LATAM,6265,,Cancelado,26/01,12:25
2026-01-26,13:00,,6501,,Atrasado,26/01,13:00
2026-01-26,12:35,LATAM,6504,,Atrasado,26/01,12:35
2026-01-26,23:20,LATAM,6728,,Atrasado,26/01,23:20
2026-01-26,14:40,,7335,,Atrasado,26/01,14:40
2026-01-26,14:30,,7628,,Atrasado,26/01,14:30
2026-01-26,10:00,KLM,7651,,Cancelado,26/01,10:00
2026-01-26,12:25,LATAM,8110,,Cancelado,26/01,12:25
2026-01-26,21:45,EMIRATES,8118,,Atrasado,26/01,21:45
2026-01-26,10:00,KLM,9334,,Cancelado,26/01,10:00
2026-01-26,20:40,KLM,9961,,Atrasado,26/01,20:40
2026-01-26,13:55,KLM,RJ1070,,Atrasado,26/01,13:55
2026-01-26,17:35,LATAM,RJ1924,,Atrasado,26/01,17:35
2026-01-26,20:35,KLM,RJ3368,,Atrasado,26/01,20:35
2026-01-26,09:35,LATAM,RJ3698,,Cancelado,26/01,09:35
2026-01-26,07:20,LATAM,RJ3947,,Cancelado,26/01,07:20
2026-01-26,16:20,LATAM,RJ4126,,Atrasado,26/01,16:20
2026-01-26,06:35,LATAM,RJ4193,,Cancelado,26/01,06:35
2026-01-26,17:10,LATAM,RJ4227,,Atrasado,26/01,17:10
2026-01-26,13:15,LATAM,RJ4305,,Atrasado,26/01,13:15
2026-01-26,08:20,LATAM,RJ4307,,Atrasado,26/01,08:20
2026-01-26,15:20,LATAM,RJ4548,,Atrasado,26/01,15:20
2026-01-26,08:00,LATAM,RJ4653,,Cancelado,26/01,08:00
2026-01-26,17:35,LATAM,RJ4797,,Atrasado,26/01,17:35
2026-01-26,11:35,LATAM,RJ5225,,Cancelado,26/01,11:35
2026-01-26,08:20,LATAM,RJ6199,,Atrasado,26/01,08:20
2026-01-26,20:05,EMIRATES,RJ6603,,Atrasado,26/01,20:05
2026-01-26,23:10,LATAM,RJ6719,,Atrasado,26/01,23:10
2026-01-26,13:15,LATAM,RJ6720,,Atrasado,26/01,13:15
2026-01-26,23:10,LATAM,RJ7250,,Atrasado,26/01,23:10
2026-01-26,20:35,KLM,RJ7269,,Atrasado,26/01,20:35
2026-01-26,12:20,LATAM,RJ7335,,Atrasado,26/01,12:20
2026-01-26,12:20,LATAM,RJ7347,,Atrasado,26/01,12:20
2026-01-26,14:30,LATAM,RJ7355,,Atrasado,26/01,14:30
2026-01-26,11:35,LATAM,RJ7392,,Cancelado,26/01,11:35
2026-01-26,15:20,LATAM,RJ8490,,Atrasado,26/01,15:20
2026-01-26,10:35,DELTA,RJ8558,,Cancelado,26/01,10:35
2026-01-26,06:35,EMIRATES,RJ9173,,Cancelado,26/01,06:35
2026-01-26,09:35,LATAM,RJ9700,,Cancelado,26/01,09:35
2026-01-26,13:55,KLM,RJ9813,,Atrasado,26/01,13:55
2026-01-25,21:30,,0091,,Cancelado,25/01,21:30
2026-01-25,02:40,,0160,,Atrasado,25/01,02:40
2026-01-25,17:10,,0216,,Atrasado,25/01,17:10
2026-01-25,21:00,DELTA,0226,,Cancelado,25/01,21:00
2026-01-25,21:00,KLM,0792,,Atrasado,25/01,21:00
2026-01-25,22:25,,0860,,Cancelado,25/01,22:25
2026-01-25,23:55,,3030,,Cancelado,25/01,23:55
2026-01-25,16:10,LATAM,3268,,Atrasado,25/01,16:10
2026-01-25,17:30,LATAM,3334,,Cancelado,25/01,17:30
2026-01-25,18:15,LATAM,3346,,Atrasado,25/01,18:15
2026-01-25,17:50,,3580,,Atrasado,25/01,17:50
2026-01-25,19:05,LATAM,3834,,Atrasado,25/01,19:05
2026-01-25,17:45,,3874,,Cancelado,25/01,17:45
2026-01-25,17:15,,4112,,Atrasado,25/01,17:15
2026-01-25,17:25,LATAM,4550,,Cancelado,25/01,17:25
2026-01-25,16:40,,5177,,Atrasado,25/01,16:40
2026-01-25,17:05,LATAM,5184,,Atrasado,25/01,17:05
2026-01-25,17:30,LATAM,5250,,Cancelado,25/01,17:30
2026-01-25,21:00,KLM,5500,,Atrasado,25/01,21:00
2026-01-25,22:50,LATAM,5501,,Cancelado,25/01,22:50
2026-01-25,22:40,LATAM,5561,,Cancelado,25/01,22:40
2026-01-25,22:50,LATAM,6050,,Cancelado,25/01,22:50
2026-01-25,22:40,LATAM,6054,,Cancelado,25/01,22:40
2026-01-25,04:25,,6061,,Atrasado,25/01,04:25
2026-01-25,21:00,DELTA,6349,,Cancelado,25/01,21:00
2026-01-25,21:00,KLM,6718,,Atrasado,25/01,21:00
2026-01-25,17:45,,6721,,Cancelado,25/01,17:45
2026-01-25,21:00,KLM,6747,,Atrasado,25/01,21:00
2026-01-25,21:30,,6805,,Cancelado,25/01,21:30
2026-01-25,21:00,KLM,6849,,Atrasado,25/01,21:00
2026-01-25,22:25,,7255,,Cancelado,25/01,22:25
2026-01-25,21:00,DELTA,7286,,Cancelado,25/01,21:00
2026-01-25,17:05,,7345,,Cancelado,25/01,17:05
2026-01-25,18:00,,7680,,Atrasado,25/01,18:00
2026-01-25,21:30,,7801,,Cancelado,25/01,21:30
2026-01-25,22:50,LATAM,7805,,Cancelado,25/01,22:50
2026-01-25,20:15,,7967,,Atrasado,25/01,20:15
2026-01-25,17:20,LATAM,8115,,Atrasado,25/01,17:20
2026-01-25,14:00,LATAM,8125,,Atrasado,25/01,14:00
2026-01-25,22:40,LATAM,8164,,Cancelado,25/01,22:40
2026-01-25,22:50,LATAM,8180,,Cancelado,25/01,22:50
2026-01-25,17:10,,9805,,Atrasado,25/01,17:10
2026-01-25,18:00,,9837,,Atrasado,25/01,18:00
2026-01-25,14:00,LATAM,RJ1070,,Atrasado,25/01,14:00
2026-01-25,19:20,LATAM,RJ2329,,Atrasado,25/01,19:20
2026-01-25,20:30,LATAM,RJ3368,,Cancelado,25/01,20:30
2026-01-25,17:30,LATAM,RJ3874,,Atrasado,25/01,17:30
2026-01-25,04:25,LATAM,RJ4070,,Atrasado,25/01,04:25
2026-01-25,18:30,LATAM,RJ4126,,Atrasado,25/01,18:30
2026-01-25,19:20,LATAM,RJ4227,,Atrasado,25/01,19:20
2026-01-25,15:10,LATAM,RJ4548,,Atrasado,25/01,15:10
2026-01-25,02:40,LATAM,RJ4771,,Atrasado,25/01,02:40
2026-01-25,04:25,LATAM,RJ6238,,Atrasado,25/01,04:25
2026-01-25,20:30,LATAM,RJ6603,,Cancelado,25/01,20:30
2026-01-25,17:30,LATAM,RJ6721,,Atrasado,25/01,17:30
2026-01-25,16:25,DELTA,RJ7344,,Atrasado,25/01,16:25
2026-01-25,16:00,LATAM,RJ7347,,Atrasado,25/01,16:00
2026-01-25,16:25,DELTA,RJ9173,,Atrasado,25/01,16:25
2026-01-24,22:15,,0063,,Atrasado,24/01,22:15
2026-01-24,21:15,DELTA,0268,,Atrasado,24/01,21:15
2026-01-24,20:40,KLM,0459,,Atrasado,24/01,20:40
2026-01-24,22:25,,0860,,Cancelado,24/01,22:25
2026-01-24,22:35,,0950,,Cancelado,24/01,22:35
2026-01-24,23:00,,0962,,Cancelado,24/01,23:00
2026-01-24,08:40,EMIRATES,1522,,Atrasado,24/01,08:40
2026-01-24,20:40,KLM,1805,,Atrasado,24/01,20:40
2026-01-24,20:40,KLM,2414,,Atrasado,24/01,20:40
2026-01-24,08:30,,2858,,Atrasado,24/01,08:30
2026-01-24,09:30,KLM,3611,,Atrasado,24/01,09:30
2026-01-24,06:00,KLM,3683,,Atrasado,24/01,06:00
2026-01-24,08:40,EMIRATES,4067,,Atrasado,24/01,08:40
2026-01-24,06:00,,4070,,Atrasado,24/01,06:00
2026-01-24,20:40,KLM,5002,,Atrasado,24/01,20:40
2026-01-24,06:10,,5563,,Atrasado,24/01,06:10
2026-01-24,22:50,LATAM,6052,,Cancelado,24/01,22:50
2026-01-24,20:40,KLM,6189,,Atrasado,24/01,20:40
2026-01-24,06:00,,6238,,Atrasado,24/01,06:00
2026-01-24,21:15,DELTA,6375,,Atrasado,24/01,21:15
2026-01-24,22:25,,7255,,Cancelado,24/01,22:25
2026-01-24,21:15,DELTA,7280,,Atrasado,24/01,21:15
2026-01-24,06:00,KLM,7454,,Atrasado,24/01,06:00
2026-01-24,06:00,,7586,,Atrasado,24/01,06:00
2026-01-24,22:50,LATAM,7805,,Cancelado,24/01,22:50
2026-01-24,22:50,LATAM,8180,,Cancelado,24/01,22:50
2026-01-24,20:00,,9003,,Atrasado,24/01,20:00
2026-01-24,06:00,KLM,9298,,Atrasado,24/01,06:00
2026-01-24,20:40,KLM,9961,,Atrasado,24/01,20:40
2026-01-24,19:20,DELTA,RJ1924,,Atrasado,24/01,19:20
2026-01-24,06:10,LATAM,RJ3340,,Atrasado,24/01,06:10
2026-01-24,20:30,LATAM,RJ3368,,Atrasado,24/01,20:30
2026-01-24,09:25,EMIRATES,RJ3698,,Atrasado,24/01,09:25
2026-01-24,17:20,LATAM,RJ3874,,Atrasado,24/01,17:20
2026-01-24,08:15,LATAM,RJ3947,,Atrasado,24/01,08:15
2026-01-24,02:40,LATAM,RJ4070,,Atrasado,24/01,02:40
2026-01-24,14:30,LATAM,RJ4548,,Atrasado,24/01,14:30
2026-01-24,22:40,EMIRATES,RJ4656,,Atrasado,24/01,22:40
2026-01-24,02:40,LATAM,RJ4771,,Atrasado,24/01,02:40
2026-01-24,08:30,LATAM,RJ5538,,Atrasado,24/01,08:30
2026-01-24,06:00,KLM,RJ6238,,Atrasado,24/01,06:00
2026-01-24,20:30,LATAM,RJ6603,,Atrasado,24/01,20:30
2026-01-24,17:20,LATAM,RJ6721,,Atrasado,24/01,17:20
2026-01-24,22:40,EMIRATES,RJ7299,,Atrasado,24/01,22:40
2026-01-24,08:30,LATAM,RJ7350,,Atrasado,24/01,08:30
2026-01-24,14:20,LATAM,RJ7355,,Atrasado,24/01,14:20
2026-01-24,08:15,LATAM,RJ7361,,Atrasado,24/01,08:15
2026-01-24,18:30,LATAM,RJ7536,,Atrasado,24/01,18:30
2026-01-24,06:00,KLM,RJ7586,,Atrasado,24/01,06:00
2026-01-24,06:10,LATAM,RJ7702,,Atrasado,24/01,06:10
2026-01-24,19:20,DELTA,RJ7741,,Atrasado,24/01,19:20
2026-01-24,14:30,LATAM,RJ8490,,Atrasado,24/01,14:30
2026-01-24,09:25,EMIRATES,RJ9700,,Atrasado,24/01,09:25
2026-01-23,22:15,,0063,,Cancelado,23/01,22:15
2026-01-23,02:40,,0160,,Atrasado,23/01,02:40
2026-01-23,23:00,,0962,,Cancelado,23/01,23:00
2026-01-23,15:00,,1560,,Atrasado,23/01,15:00
2026-01-23,16:10,LATAM,3556,,Atrasado,23/01,16:10
2026-01-23,17:10,,3558,,Atrasado,23/01,17:10
2026-01-23,15:00,,3724,,Atrasado,23/01,15:00
2026-01-23,12:30,LATAM,5172,,Atrasado,23/01,12:30
2026-01-23,17:25,LATAM,5176,,Atrasado,23/01,17:25
2026-01-23,15:00,,5896,,Atrasado,23/01,15:00
2026-01-23,22:55,LATAM,6051,,Cancelado,23/01,22:55
2026-01-23,23:15,,7614,,Atrasado,23/01,23:15
2026-01-23,17:10,,8135,,Atrasado,23/01,17:10
2026-01-23,15:30,,8490,,Atrasado,23/01,15:30
2026-01-23,20:40,KLM,9961,,Atrasado,23/01,20:40
2026-01-23,20:25,LATAM,RJ3368,,Atrasado,23/01,20:25
2026-01-23,17:05,LATAM,RJ3874,,Atrasado,23/01,17:05
2026-01-23,12:15,LATAM,RJ3974,,Atrasado,23/01,12:15
2026-01-23,19:20,LATAM,RJ4126,,Atrasado,23/01,19:20
2026-01-23,19:20,LATAM,RJ4227,,Atrasado,23/01,19:20
2026-01-23,22:45,KLM,RJ4540,,Cancelado,23/01,22:45
2026-01-23,15:15,DELTA,RJ4548,,Atrasado,23/01,15:15
2026-01-23,20:25,LATAM,RJ6603,,Atrasado,23/01,20:25
2026-01-23,19:00,LATAM,RJ6690,,Cancelado,23/01,19:00
2026-01-23,17:05,LATAM,RJ6721,,Atrasado,23/01,17:05
2026-01-23,20:15,LATAM,RJ7269,,Atrasado,23/01,20:15
2026-01-23,13:25,LATAM,RJ7344,,Atrasado,23/01,13:25
2026-01-23,14:25,LATAM,RJ7355,,Atrasado,23/01,14:25
2026-01-23,02:40,LATAM,RJ7586,,Atrasado,23/01,02:40
2026-01-23,15:15,DELTA,RJ8490,,Atrasado,23/01,15:15
2026-01-23,13:25,LATAM,RJ9173,,Atrasado,23/01,13:25
2026-01-23,02:40,LATAM,RJ9254,,Atrasado,23/01,02:40
2026-01-22,01:50,DELTA,0629,,Atrasado,22/01,01:50
2026-01-22,14:05,,2316,,Atrasado,22/01,14:05
2026-01-22,16:30,DELTA,2429,,Atrasado,22/01,16:30
2026-01-22,18:20,LATAM,3316,,Atrasado,22/01,18:20
2026-01-22,22:55,LATAM,6051,,Cancelado,22/01,22:55
2026-01-22,01:50,,6314,,Atrasado,22/01,01:50
2026-01-22,14:00,LATAM,8125,,Atrasado,22/01,14:00
2026-01-22,22:55,LATAM,8190,,Cancelado,22/01,22:55
2026-01-22,13:30,LATAM,8200,,Atrasado,22/01,13:30
2026-01-22,19:30,DELTA,RJ2357,,Cancelado,22/01,19:30
2026-01-22,13:15,LATAM,RJ3366,,Atrasado,22/01,13:15
2026-01-22,20:25,KLM,RJ3368,,Cancelado,22/01,20:25
2026-01-22,16:30,DELTA,RJ3874,,Atrasado,22/01,16:30
2026-01-22,13:55,LATAM,RJ4548,,Atrasado,22/01,13:55
2026-01-22,23:05,KLM,RJ4656,,Atrasado,22/01,23:05
2026-01-22,18:30,LATAM,RJ4797,,Cancelado,22/01,18:30
2026-01-22,13:15,LATAM,RJ6271,,Atrasado,22/01,13:15
2026-01-22,20:25,KLM,RJ6603,,Cancelado,22/01,20:25
2026-01-22,19:30,DELTA,RJ6690,,Cancelado,22/01,19:30
2026-01-22,23:05,KLM,RJ6719,,Atrasado,22/01,23:05
2026-01-22,16:30,DELTA,RJ6721,,Atrasado,22/01,16:30
2026-01-22,20:05,EMIRATES,RJ7269,,Cancelado,22/01,20:05
2026-01-22,13:55,LATAM,RJ8476,,Atrasado,22/01,13:55
2026-01-21,22:15,,0063,,Cancelado,21/01,22:15
2026-01-21,08:45,,1146,,Atrasado,21/01,08:45
2026-01-21,15:35,LATAM,3354,,Atrasado,21/01,15:35
2026-01-21,19:15,LATAM,3562,,Atrasado,21/01,19:15
2026-01-21,07:45,LATAM,3828,,Atrasado,21/01,07:45
2026-01-21,22:15,,7213,,Cancelado,21/01,22:15
2026-01-21,20:15,,7967,,Atrasado,21/01,20:15
2026-01-21,08:10,LATAM,8349,,Atrasado,21/01,08:10
2026-01-21,20:10,LATAM,RJ1924,,Atrasado,21/01,20:10
2026-01-21,19:45,LATAM,RJ2357,,Cancelado,21/01,19:45
2026-01-21,20:35,LATAM,RJ3368,,Cancelado,21/01,20:35
2026-01-21,15:35,LATAM,RJ3874,,Atrasado,21/01,15:35
2026-01-21,08:10,LATAM,RJ3947,,Atrasado,21/01,08:10
2026-01-21,08:30,LATAM,RJ4065,,Atrasado,21/01,08:30
2026-01-21,08:10,LATAM,RJ4653,,Atrasado,21/01,08:10
2026-01-21,08:30,LATAM,RJ4796,,Atrasado,21/01,08:30
2026-01-21,19:15,LATAM,RJ4797,,Atrasado,21/01,19:15
2026-01-21,07:35,LATAM,RJ6199,,Atrasado,21/01,07:35
2026-01-21,20:35,LATAM,RJ6603,,Cancelado,21/01,20:35
2026-01-21,19:45,LATAM,RJ6690,,Cancelado,21/01,19:45
2026-01-21,15:35,LATAM,RJ6721,,Atrasado,21/01,15:35
2026-01-20,23:00,,0962,,Atrasado,20/01,23:00
2026-01-20,19:00,LATAM,3316,,Atrasado,20/01,19:00
2026-01-20,18:20,LATAM,3346,,Atrasado,20/01,18:20
2026-01-20,19:20,LATAM,3562,,Atrasado,20/01,19:20
2026-01-20,14:10,LATAM,3620,,Atrasado,20/01,14:10
2026-01-20,17:00,LATAM,4666,,Atrasado,20/01,17:00
2026-01-20,22:55,LATAM,5152,,Atrasado,20/01,22:55
2026-01-20,13:25,LATAM,8089,,Atrasado,20/01,13:25
2026-01-20,17:45,LATAM,8416,,Atrasado,20/01,17:45
2026-01-20,13:30,LATAM,8497,,Atrasado,20/01,13:30
2026-01-20,23:00,KLM,9326,,Atrasado,20/01,23:00
2026-01-20,22:45,EMIRATES,RJ0624,,Atrasado,20/01,22:45
2026-01-20,23:30,AZUL,RJ1268,,Atrasado,20/01,23:30
2026-01-20,19:20,LATAM,RJ1924,,Atrasado,20/01,19:20
2026-01-20,19:00,LATAM,RJ2328,,Atrasado,20/01,19:00
2026-01-20,16:55,LATAM,RJ3874,,Atrasado,20/01,16:55
2026-01-20,13:15,LATAM,RJ6242,,Atrasado,20/01,13:15
2026-01-20,16:55,LATAM,RJ6721,,Atrasado,20/01,16:55
2026-01-20,13:55,LATAM,RJ7355,,Atrasado,20/01,13:55
2026-01-20,17:30,LATAM,RJ7536,,Atrasado,20/01,17:30
2026-01-20,18:20,LATAM,RJ7741,,Atrasado,20/01,18:20
2026-01-20,13:15,LATAM,RJ8475,,Atrasado,20/01,13:15
2026-01-20,13:55,LATAM,RJ8490,,Atrasado,20/01,13:55
2026-01-19,23:00,,0962,,Atrasado,19/01,23:00
2026-01-19,16:25,LATAM,3268,,Atrasado,19/01,16:25
2026-01-19,16:05,LATAM,3288,,Atrasado,19/01,16:05
2026-01-19,23:00,KLM,4172,,Atrasado,19/01,23:00
2026-01-19,16:25,LATAM,5126,,Atrasado,19/01,16:25
2026-01-19,13:55,,7330,,Atrasado,19/01,13:55
2026-01-19,13:15,,7335,,Atrasado,19/01,13:15
2026-01-19,17:55,LATAM,8121,,Atrasado,19/01,17:55
2026-01-19,13:45,LATAM,RJ1070,,Atrasado,19/01,13:45
2026-01-19,17:30,LATAM,RJ1924,,Atrasado,19/01,17:30
2026-01-19,22:55,LATAM,RJ3945,,Atrasado,19/01,22:55
2026-01-19,12:15,LATAM,RJ3974,,Atrasado,19/01,12:15
2026-01-19,17:30,LATAM,RJ4126,,Atrasado,19/01,17:30
2026-01-19,16:15,LATAM,RJ4797,,Atrasado,19/01,16:15
2026-01-19,12:35,LATAM,RJ5357,,Atrasado,19/01,12:35
2026-01-19,22:55,LATAM,RJ6719,,Atrasado,19/01,22:55
2026-01-19,16:15,LATAM,RJ7741,,Atrasado,19/01,16:15
2026-01-19,12:35,LATAM,RJ9173,,Atrasado,19/01,12:35
2026-01-19,13:45,LATAM,RJ9813,,Atrasado,19/01,13:45
2026-01-18,01:20,,0248,,Atrasado,18/01,01:20
2026-01-18,13:20,,1164,,Atrasado,18/01,13:20
2026-01-18,23:10,EMIRATES,1636,,Atrasado,18/01,23:10
2026-01-18,16:00,LATAM,3832,,Atrasado,18/01,16:00
2026-01-18,23:00,LATAM,5223,,Atrasado,18/01,23:00
2026-01-18,04:25,,6061,,Atrasado,18/01,04:25
2026-01-18,17:30,,6124,,Atrasado,18/01,17:30
2026-01-18,11:35,LATAM,6240,,Atrasado,18/01,11:35
2026-01-18,23:10,,6719,,Atrasado,18/01,23:10
2026-01-18,23:00,LATAM,7110,,Atrasado,18/01,23:00
2026-01-18,17:30,,7534,,Atrasado,18/01,17:30
2026-01-18,13:30,LATAM,9746,,Atrasado,18/01,13:30
2026-01-18,13:30,LATAM,RJ1070,,Atrasado,18/01,13:30
2026-01-18,04:25,LATAM,RJ4070,,Atrasado,18/01,04:25
2026-01-18,13:10,LATAM,RJ4305,,Atrasado,18/01,13:10
2026-01-18,01:20,EMIRATES,RJ4771,,Atrasado,18/01,01:20
2026-01-18,16:15,LATAM,RJ5357,,Atrasado,18/01,16:15
2026-01-18,11:35,LATAM,RJ6193,,Atrasado,18/01,11:35
2026-01-18,13:10,LATAM,RJ6603,,Atrasado,18/01,13:10
2026-01-18,11:35,LATAM,RJ6647,,Atrasado,18/01,11:35
2026-01-18,23:00,LATAM,RJ6719,,Atrasado,18/01,23:00
2026-01-18,23:00,LATAM,RJ7260,,Atrasado,18/01,23:00
2026-01-18,15:55,LATAM,RJ7347,,Atrasado,18/01,15:55
2026-01-18,04:25,LATAM,RJ9072,,Atrasado,18/01,04:25
2026-01-18,16:15,LATAM,RJ9173,,Atrasado,18/01,16:15
2026-01-18,13:30,LATAM,RJ9253,,Atrasado,18/01,13:30
2026-01-17,08:50,,0092,,Cancelado,17/01,08:50
2026-01-17,21:30,,0148,,Atrasado,17/01,21:30
2026-01-17,18:35,,0631,,Atrasado,17/01,18:35
2026-01-17,21:45,,0844,,Atrasado,17/01,21:45
2026-01-17,17:55,LATAM,3790,,Atrasado,17/01,17:55
2026-01-17,15:35,LATAM,6219,,Atrasado,17/01,15:35
2026-01-17,12:35,LATAM,6270,,Atrasado,17/01,12:35
2026-01-17,13:15,LATAM,7255,,Atrasado,17/01,13:15
2026-01-17,21:45,,7257,,Atrasado,17/01,21:45
2026-01-17,13:55,,7456,,Atrasado,17/01,13:55
2026-01-17,06:10,LATAM,RJ3340,,Cancelado,17/01,06:10
2026-01-17,20:30,LATAM,RJ3368,,Atrasado,17/01,20:30
2026-01-17,15:30,LATAM,RJ3874,,Atrasado,17/01,15:30
2026-01-17,08:25,LATAM,RJ3947,,Cancelado,17/01,08:25
2026-01-17,13:05,LATAM,RJ4305,,Atrasado,17/01,13:05
2026-01-17,07:55,LATAM,RJ4653,,Cancelado,17/01,07:55
2026-01-17,18:30,LATAM,RJ4797,,Atrasado,17/01,18:30
2026-01-17,15:30,LATAM,RJ6099,,Atrasado,17/01,15:30
2026-01-17,20:30,LATAM,RJ6603,,Atrasado,17/01,20:30
2026-01-17,07:20,LATAM,RJ7120,,Cancelado,17/01,07:20
2026-01-17,13:05,LATAM,RJ7277,,Atrasado,17/01,13:05
2026-01-17,08:25,LATAM,RJ7361,,Cancelado,17/01,08:25
2026-01-17,12:30,LATAM,RJ8471,,Atrasado,17/01,12:30
2026-01-17,07:20,LATAM,RJ8643,,Cancelado,17/01,07:20
2026-01-17,18:30,LATAM,RJ9809,,Atrasado,17/01,18:30
2026-01-16,21:00,KLM,0792,,Atrasado,16/01,21:00
2026-01-16,16:15,LATAM,3604,,Cancelado,16/01,16:15
2026-01-16,16:35,LATAM,3856,,Cancelado,16/01,16:35
2026-01-16,18:00,LATAM,4413,,Atrasado,16/01,18:00
2026-01-16,16:15,LATAM,5156,,Cancelado,16/01,16:15
2026-01-16,21:00,KLM,5500,,Atrasado,16/01,21:00
2026-01-16,21:15,DELTA,6375,,Cancelado,16/01,21:15
2026-01-16,21:00,KLM,6718,,Atrasado,16/01,21:00
2026-01-16,21:00,KLM,6747,,Atrasado,16/01,21:00
2026-01-16,21:00,KLM,6849,,Atrasado,16/01,21:00
2026-01-16,21:15,DELTA,7280,,Cancelado,16/01,21:15
2026-01-16,15:20,,7355,,Atrasado,16/01,15:20
2026-01-16,18:00,LATAM,8072,,Atrasado,16/01,18:00
2026-01-16,16:15,LATAM,8227,,Cancelado,16/01,16:15
2026-01-16,16:35,LATAM,8422,,Cancelado,16/01,16:35
2026-01-16,20:35,LATAM,RJ3368,,Atrasado,16/01,20:35
2026-01-16,17:20,LATAM,RJ3874,,Atrasado,16/01,17:20
2026-01-16,18:20,LATAM,RJ4126,,Atrasado,16/01,18:20
2026-01-16,19:20,LATAM,RJ4227,,Atrasado,16/01,19:20
2026-01-16,15:20,LATAM,RJ4548,,Atrasado,16/01,15:20
2026-01-16,17:20,LATAM,RJ6099,,Atrasado,16/01,17:20
2026-01-16,20:35,LATAM,RJ7269,,Atrasado,16/01,20:35
2026-01-16,15:20,LATAM,RJ7355,,Atrasado,16/01,15:20
2026-01-16,19:20,LATAM,RJ7741,,Atrasado,16/01,19:20
2026-01-16,14:30,LATAM,RJ8490,,Cancelado,16/01,14:30
2026-01-13,17:40,,3529,,Atrasado,13/01,17:40
2026-01-13,17:40,,5219,,Atrasado,13/01,17:40
2026-01-13,17:40,LATAM,RJ1924,GOL,Atrasado,13/01,17:40
2026-01-13,17:40,,RJ2328,CIA,Atrasado,13/01,17:40
2026-01-13,17:40,LATAM,RJ4227,GOL,Atrasado,13/01,17:40
2026-01-13,17:40,LATAM,RJ4797,GOL,Atrasado,13/01,17:40
2026-01-13,17:40,LATAM,RJ7741,GOL,Atrasado,13/01,17:40
